{
    "accuracy": 0.9584552369806905,
    "precision": 0.0,
    "recall": 0.0,
    "f1_score": 0.0,
    "roc_auc": 0.7831605014703606
}